;integrations_themes;integrations_keywords
1;feature,version,language,app_lib_service;bokeh,interactiv(e|ity),plot(ting),git(\W|$),sql,js
3;version,platform,feature;version(ing)?\Wcontrol,git(\W|$),dashboard,docker
6;feature,app_lib_service;sphinx,slides,binder,slide
7;feature,app_lib_service;pelican,ipython,phantomx,github,shiny,blog,sphinx,dashboard
9;platform,feature;visuali(s|z)ation,orchestrat,api(\W|$),docker,interactiv(e|ity)
10;feature;debug
11;feature;debug,profil(e|ing),editor
12;app_lib_service;vispy,matplotlib
13;feature,app_lib_service;plot(ting),sage,3d
14;version,feature;git(\W|$),widgets,dashboard
19;app_lib_service;swift,spark,github
22;feature,app_lib_service;finder,file manage
23;feature;debug,editor
24;feature;ides?(\W|$),writing
26;;
31;language,app_lib_service;octave,R(\W|$),sage
32;app_lib_service;excel
33;feature;console
35;version,feature;version(ing)?\Wcontrol,history,state,git(\W|$),share,debug
36;version,language,app_lib_service;d3,R(\W|$),git(\W|$)
37;feature;file system,completion
39;version,feature;instruments,git(\W|$),search
40;app_lib_service,feature;index,code editing,pandas
41;version,feature;version(ing)?\Wcontrol,git(\W|$),figures,interactiv(e|ity)
42;feature;refactor
46;app_lib_service;(ana)?conda
48;version,app_lib_service;git(\W|$),pandoc
49;app_lib_service;d3,ggvis
51;feature,app_lib_service;extensions,pdf
52;app_lib_service;bokeh
54;feature,version,app_lib_service;visuali(s|z)ation,git(\W|$),matplotlib,3d,interactiv(e|ity)
59;app_lib_service;atom,matplotlib
60;version,app_lib_service;version(ing)?\Wcontrol,(ana)?conda
61;feature,version,app_lib_service;stash,git(\W|$),command\W?line,atlassian
66;version;git(\W|$),history
68;app_lib_service,language,feature;spell\W?check,mathjax,math,nbconvert,latex
69;app_lib_service;(ana)?conda,bokeh
71;language,app_lib_service;scala,hive,spark,sql
78;language;sas
79;feature,version,app_lib_service;presentation,sublime,git(\W|$)
85;app_lib_service;matplotlib
87;app_lib_service;vim
90;feature,language,app_lib_service;d3,js,editor
92;version;git(\W|$)
93;platform,feature;deploy,widgets,database
95;version;git(\W|$)
97;version,feature;git(\W|$),editor
98;feature,app_lib_service;database,plot(ting),spark,bokeh
99;platform,feature;google,spreadsheet
101;feature,version,app_lib_service;vim,git(\W|$),production
102;language;python(3|2)?,R(\W|$),C(\W|$)
103;app_lib_service,version,language,feature;wiki,interactiv(e|ity),git(\W|$),java,matplotlib,pandas
104;version,app_lib_service;pyflakes,git(\W|$)
105;version,app_lib_service;vim,neovim,git(\W|$)
109;version;git(\W|$)
110;feature;presentation,slide
118;platform,app_lib_service;aws,spark
120;language;R(\W|$)
121;feature,version,app_lib_service;vim,git(\W|$),auto ?complet(e|ion),editor
123;version,feature;version(ing)?\Wcontrol,editor
126;feature,platform,app_lib_service;aws,debug,pdb
128;app_lib_service,feature;editor,virtualenv
129;app_lib_service;vim
131;version;git(\W|$)
133;language;R(\W|$),i?julia,julia
135;feature,version,app_lib_service;sublime,editor,vim,atom,emacs,git(\W|$)
139;app_lib_service,feature;test,spyder,progress
140;feature;spell\W?check
141;language,app_lib_service;scala,latex,spark,pdf
142;app_lib_service;sublime,bbedit
144;app_lib_service;matplotlib,tensorflow
145;feature,app_lib_service;interactiv(e|ity),bokeh
146;version,app_lib_service;d3,git(\W|$)
148;feature,app_lib_service;atom,sublime,editor
149;version;git(\W|$)
150;feature;widgets,dashboard
151;feature;plugin,grid,visualization,customiz,install,visuali(s|z)ation
152;version,feature;d?vcs,offline,app creation,widgets
153;feature,language,app_lib_service;R(\W|$),spark,visualization,visuali(s|z)ation
154;version;git(\W|$)
155;feature,language,app_lib_service;shiny,R(\W|$),spark,interactiv(e|ity)
156;app_lib_service;pdb
157;feature,app_lib_service;cprofile,matplotlib,yt
159;feature,app_lib_service;(ana)?conda,matplotlib,visualization,visuali(s|z)ation
160;feature,version,language,app_lib_service;version(ing)?\Wcontrol,latex,bibliography,git(\W|$),virtualenv,bibtex,(ana)?conda
163;version;git(\W|$)
167;app_lib_service,language,feature;python(3|2)?,production,hue,script,bokeh
169;feature;presentation,grading
173;version,language,app_lib_service;latex,git(\W|$),nbviewer
174;feature;completion
177;platform,app_lib_service;pelican,bibtex,docker
182;language,feature;latex,editor
183;app_lib_service,feature;presentation,pdf,github
184;feature,app_lib_service;xml,scipy,numpy
186;feature;editor
189;version,app_lib_service;version(ing)?\Wcontrol,git(\W|$),mayavi
197;version;git(\W|$)
198;feature,app_lib_service;ipython,matplotlib,console,interactiv(e|ity)
204;version;git(\W|$)
210;feature,language,app_lib_service;latex,citation,slide,pandoc,caching,html,slides
211;platform,feature;widgets,api(\W|$),docker,interactiv(e|ity)
216;feature,app_lib_service;comment,flake,travis,github
218;version;git(\W|$)
219;language;node,js
221;feature;spell\W?check
223;platform,feature;customiz,deploy,command\W?line,them(e|ing)
227;feature,language,app_lib_service;d3,visualization,interactiv(e|ity),js,pandas,visuali(s|z)ation
229;app_lib_service;gui,vispy,matplotlib
231;app_lib_service,feature;fold,ides?(\W|$),rstudio
233;app_lib_service;emacs,pandoc
235;feature,app_lib_service;extensions,ipython
237;feature,app_lib_service;plot(ting),pycuda,video,animation
238;version,feature;version(ing)?\Wcontrol,collab,plot(ting),widgets,dashboard
239;feature;completion,modules
240;version,feature;version(ing)?\Wcontrol,math
245;version,app_lib_service;doit,git(\W|$),cookiecutter
246;feature,version,app_lib_service;git(\W|$),matplotlib,mayavi,interactiv(e|ity)
248;language,app_lib_service;node,js,gephi
249;app_lib_service;emacs
250;language;scala,R(\W|$),sql
251;app_lib_service;cdh
254;app_lib_service;vim
258;feature;interactiv(e|ity)
261;feature;spell\W?check
262;language,feature;latex,citation
263;feature;editor
264;feature;terminal,profil(e|ing)
265;app_lib_service;emacs
266;feature,language,app_lib_service;python(3|2)?,python\W?anywhere,graphical
267;app_lib_service;nbconvert,octave,live_reveal
268;version,language;git(\W|$),sql
270;platform,app_lib_service;emacs,gnome,hdf
271;feature,app_lib_service;3d,plot(ting),mayavi,animation,interactiv(e|ity)
274;language,app_lib_service;R(\W|$),sql,pandoc
275;feature,language,app_lib_service;imports,sublime,vim,emacs,python(3|2)?,views
277;feature,app_lib_service;matplotlib,animation,interactiv(e|ity)
278;feature;editor,visuali(s|z)ation
279;version,feature;slides,git(\W|$),slide
280;app_lib_service;vim
282;version,language,app_lib_service;version(ing)?\Wcontrol,github,pep8,pylint,git(\W|$),js
284;version,feature;debug,git(\W|$),profil(e|ing),editor
286;version,app_lib_service;git(\W|$),github
287;feature;cluster,load balanc
290;app_lib_service;pygdb
292;app_lib_service;emacs
293;language,app_lib_service;d3,java,bokeh
294;feature;auto ?complet(e|ion),editor
298;feature,app_lib_service;ipython,debug
300;app_lib_service,feature;diffing,pandoc
303;feature;plot(ting),interactiv(e|ity)
305;app_lib_service,version,feature;command\W?line,collab,hg,git(\W|$),share,d?vcs,(ana)?conda
306;version;git(\W|$)
310;language,feature;test,sql
312;app_lib_service,feature;debug,docrepr,dashboard
314;app_lib_service,feature;debug,pdf,interactiv(e|ity)
316;app_lib_service;evernote,pycharm
317;app_lib_service;hadoop
323;feature;proprietary
324;app_lib_service;sublime
328;version,feature;debug,git(\W|$)
332;version;git(\W|$)
333;language,feature;python(3|2)?,debug,profil(e|ing)
335;feature;graphical,visualization,visuali(s|z)ation
336;language,app_lib_service;d3,seaborn,js,spark
338;app_lib_service,version,language,feature;version(ing)?\Wcontrol,plugin,debug,java,github
339;feature;geology
340;app_lib_service;atom,sublime
342;version,feature;git(\W|$),plot(ting),3d
345;version,feature;version(ing)?\Wcontrol,diagram
346;feature;widgets,interactiv(e|ity)
348;app_lib_service;pep8,pyflakes,unittest
349;app_lib_service;vim,neovim,gvim
350;version,app_lib_service;emacs,git(\W|$)
351;language,platform,app_lib_service;python(3|2)?,trinket,google,python\W?anywhere
352;version,language;git(\W|$),i?julia,julia
353;feature,version,app_lib_service;emacs,git(\W|$),editor
355;feature,app_lib_service;seaborn,matplotlib,visualization,visuali(s|z)ation
356;feature;collab,slide,comment
357;language,app_lib_service;python(3|2)?,matplotlib,numpy
358;feature;debug,variable
360;language,app_lib_service;python(3|2)?,visual studio
361;app_lib_service;sublime
362;version,app_lib_service;pep8,git(\W|$)
364;feature;visuali(s|z)ation,visualization,interactiv(e|ity)
365;app_lib_service;vim
366;app_lib_service;alteryx,spark
367;language,app_lib_service;nbconvert,R(\W|$)
368;app_lib_service;vim
370;version;git(\W|$)
373;app_lib_service;mayavi
374;language,app_lib_service;d3,js
377;app_lib_service,feature;documentation,variable,spyder
378;app_lib_service;matplotlib,bokeh
383;feature,app_lib_service;math,nbdiff,nbmerge
384;feature,app_lib_service;vim,plugin,nbdiff,github
385;version,language,app_lib_service;version(ing)?\Wcontrol,scala,spark
387;app_lib_service;org-mode,sage
389;feature,app_lib_service;spell\W?check,markdown
394;feature,platform,app_lib_service;github,atom,google,writing
396;version;git(\W|$)
398;feature,app_lib_service;animation,3d
400;version,feature;version(ing)?\Wcontrol,visuali(s|z)ation,git(\W|$),wiki,visualization
401;version,language,platform,app_lib_service;emacs,git(\W|$),google,awk,cloud
402;app_lib_service;spyder,(ana)?conda
403;language;R(\W|$),clojure
406;feature;variable
408;feature;slides,slide
409;app_lib_service,feature;debug,spyder,editor
411;feature;spell\W?check,presentation,slide,native
412;app_lib_service;pandas
413;version,language,app_lib_service;vim,latex,git(\W|$)
414;app_lib_service;artview
418;version;git(\W|$)
421;feature,version,app_lib_service;git(\W|$),rodeo,ides?(\W|$),spyder
425;version,app_lib_service;vim,git(\W|$)
426;platform,app_lib_service;dropbox,google,github
430;language,app_lib_service;zsh,rvm,ruby
431;app_lib_service;bokeh
434;language,feature;completion,python(3|2)?,plot(ting)
435;feature,app_lib_service;ipyparall,cluster
439;app_lib_service,feature;matlab,debug,octave
441;app_lib_service;fenics
444;feature;shortcut,error,navigation
445;app_lib_service;matlab
448;app_lib_service;emacs
450;language;python(3|2)?
451;app_lib_service;spark
452;app_lib_service;plot(\.)?ly
453;feature;spreadsheet
456;language,app_lib_service;latex,pdf
458;version;git(\W|$)
462;feature,app_lib_service;sublime,code editing
463;feature,app_lib_service;wakari,sage,visualization,visuali(s|z)ation
468;feature;presentation,calendar,schedul
472;feature,language,app_lib_service;latex,webgl,visuali(s|z)ation
473;version,feature;git(\W|$),editor
474;app_lib_service;sublime
475;app_lib_service;vim,emacs
477;feature,app_lib_service;vim,editor
479;version;git(\W|$)
480;language;fortran
482;platform;cloud
483;version;git(\W|$)
485;app_lib_service;emacs
486;app_lib_service;spark
487;app_lib_service;geojson,bokeh
488;app_lib_service;atom
492;platform,app_lib_service;aws,d3,spark
495;platform,app_lib_service;windows,graphviz,numpy
496;feature;debug,variable,documentation
499;language;latex
502;version,feature;spell\W?check,git(\W|$)
503;app_lib_service,version,feature;spell\W?check,git(\W|$),bibtex
504;app_lib_service;sage
505;language;perl,bash,ruby
508;feature,version,app_lib_service;version(ing)?\Wcontrol,binder,widgets
515;app_lib_service;gnuplot
517;version;git(\W|$)
519;language;R(\W|$)
531;version;git(\W|$)
534;feature,app_lib_service;electron,atom,lint,venv
535;feature,app_lib_service;atom,variable
536;language;perl
541;app_lib_service;nose
542;feature,app_lib_service;error,nbconvert,html,spell\W?check,footnote,pdf
546;feature,app_lib_service;d3,warehouse
549;language,platform,feature;repl,i?julia,julia,cloud,fortran
551;feature,app_lib_service;excel,management,file manage,tableau
553;feature;visualization,visuali(s|z)ation
559;feature;gis
561;app_lib_service;spark
563;app_lib_service,feature;document edit,exploration,pdf
565;feature;fold,auto ?complet(e|ion),ides?(\W|$)
576;app_lib_service,feature;matplotlib,editor,interactiv(e|ity)
579;feature,app_lib_service;d3,theano,deep learn
581;version;git(\W|$)
587;version;git(\W|$)
588;feature;debug
590;feature;file browse,editor,console
592;platform,feature;deploy,variable,widgets,dashboard
594;language;scala,R(\W|$)
595;app_lib_service;beaker
600;app_lib_service;d3
604;app_lib_service;vim
605;app_lib_service;vim
606;app_lib_service;vim
607;language,app_lib_service;vim,bash
610;language;sql
612;feature;collab,backup
613;feature,app_lib_service;mayavi,share
615;app_lib_service;matplotlib
616;app_lib_service,language,feature;evernote,lua,presentation
617;language,feature;python(3|2)?,widgets,test
620;app_lib_service;spark
627;feature,app_lib_service;variable,animation
630;language,feature;i?julia,plot(ting),julia
631;language,platform,app_lib_service;d3,C(\W|$),docker
633;app_lib_service;torch
638;feature;editor
640;language;bash
641;app_lib_service;matplotlib,pandas
643;app_lib_service;vim
646;feature;visualization,visuali(s|z)ation,editor,interactiv(e|ity)
649;app_lib_service;pandas,matplotlib
654;feature,app_lib_service;d3,swift,sublime,editor
661;feature;hide cell,pagebreaks,views
662;version,feature;git(\W|$),image
666;feature;imports,management
668;platform,app_lib_service;os x,virtualenv
681;feature,app_lib_service;vim,sublime,ides?(\W|$)
689;version,language;git(\W|$),java
691;app_lib_service;scipy,numpy
700;app_lib_service;slack
706;feature;widgets,dashboard
710;app_lib_service;visual studio
712;feature,version,platform,app_lib_service;windows,history,git(\W|$),cloud,install,(ana)?conda
716;language;perl,python(3|2)?,php
718;feature,app_lib_service;pycharm,atom,profil(e|ing),editor,graphical
719;language,feature;python(3|2)?,debug
729;app_lib_service;vim
738;app_lib_service,feature;ides?(\W|$),synapse.org
740;language;R(\W|$)
742;platform;deploy,google,cloud
745;app_lib_service;pandas
747;feature;sandbox
749;feature;plot(ting),interactiv(e|ity)
750;app_lib_service;excel
753;feature,app_lib_service;ides?(\W|$),pycharm
755;language,app_lib_service;posgres,R(\W|$)
757;feature;ides?(\W|$)
759;feature,version,language,platform,app_lib_service;os x,R(\W|$),git(\W|$),python(3|2)?,matplotlib,install
763;language,app_lib_service;flask,java,django
765;feature,app_lib_service;debug,ides?(\W|$),profil(e|ing),pycharm
771;app_lib_service;pyspark
773;feature,app_lib_service;auto ?complet(e|ion),pycharm
776;language;python(3|2)?,R(\W|$),i?julia,julia
780;feature;memory,modules
781;app_lib_service;pycharm
782;version;git(\W|$)
785;app_lib_service;matplotlib,line_profiler
786;app_lib_service,feature;widgets,scrapy,interactiv(e|ity)
791;app_lib_service;emacs
795;language,app_lib_service;golang,d3,js,java
800;feature;completion
802;app_lib_service;pycharm
803;app_lib_service;emacs
804;app_lib_service,feature;vim,terminal,pdf,image
806;feature,app_lib_service;spark,hadoop,api(\W|$),matplotlib,visuali(s|z)ation
808;app_lib_service;plot(\.)?ly,geojson,pandas
810;app_lib_service;spark
815;feature,app_lib_service;ipython,widgets,management
816;app_lib_service;excel,pycharm
823;feature;native
824;version,app_lib_service;git(\W|$),matplotlib
828;language,app_lib_service;vim,latex,i?julia,julia
829;feature;fold,command\W?line
835;app_lib_service;spark
837;feature,app_lib_service;slides,d3,slide
838;feature,version,app_lib_service;vim,atom,git(\W|$),editor
846;feature;3d
849;language,app_lib_service;d3,js
851;app_lib_service;atom
856;app_lib_service;vim
858;feature,app_lib_service;pip,qt,debug,gpilab,graphical
863;feature,app_lib_service;sublime,editor
864;feature;languages
865;app_lib_service;moodle,netlogo
869;app_lib_service;spark
871;app_lib_service;vim
877;app_lib_service;emacs
879;app_lib_service;wordpress
881;version;git(\W|$)
883;app_lib_service;bokeh
887;language;java
889;platform;aws,host,google,cloud
890;app_lib_service;vim
892;feature;languages,mobile
894;app_lib_service,feature;slides,slide,sublime,github
897;feature;editor
898;feature;completion
899;version;git(\W|$)
905;app_lib_service;d3,octave,matlab
906;language,app_lib_service;R(\W|$),excel,tableau
915;language,app_lib_service;html,d3,java
916;language,app_lib_service;js,three.js,sage
918;version,language,app_lib_service;git(\W|$),R(\W|$),excel
919;feature;debug
926;app_lib_service;vim
933;app_lib_service;slurm
938;feature;web ?hook,schedul
940;language;cling
948;feature,app_lib_service;diagram,pdf,graphvis
951;platform;host
956;app_lib_service;d3
960;app_lib_service,feature;table of content,extensions,auto ?complet(e|ion),sublime,navigation
963;app_lib_service;spark
966;feature,language,app_lib_service;atom,python(3|2)?,sublime,ides?(\W|$)
971;app_lib_service;ipython,matplotlib
974;version,language,app_lib_service;flask,git(\W|$),sql,github
979;feature;extensions,plugin,file browse,memory
980;platform,feature;google,spreadsheet
986;feature;command\W?line,video
987;version;git(\W|$)
996;app_lib_service;pandas,matplotlib
998;language,app_lib_service;sphinx,d3,js,pandas
1001;language;R(\W|$)
1002;app_lib_service;vim,pycharm
1004;language,platform,app_lib_service;d3,js,docker,pycharm
1010;feature;notification,native
1016;feature;remote kernel
1018;language,app_lib_service;d3,java
1022;app_lib_service;django
1026;version;git(\W|$)
1031;feature;plot(ting),exploration
1037;app_lib_service;d3
1042;feature;debug,completion,interactiv(e|ity)
1047;app_lib_service;pycharm
1050;app_lib_service,feature;vim,plugin,slide,interactiv(e|ity)
1063;app_lib_service;vim
1065;language,feature;auto ?complet(e|ion),haskell
1069;version;git(\W|$)
1076;feature,language,app_lib_service;java,d3,js,visualization,visuali(s|z)ation
1083;platform,app_lib_service;windows,shiny,jupyter\W?hub
1087;app_lib_service;pylint
1090;feature;script
1091;app_lib_service;pycharm
1092;language,app_lib_service;d3,js
1093;feature;plot(ting),3d,exploration
1095;feature,app_lib_service;pep8,d3,them(e|ing),lint
1097;app_lib_service;scikit
1100;feature,app_lib_service;ides?(\W|$),spyder
1104;feature;documentation
1107;app_lib_service;ros(\W|$)
1112;app_lib_service;vim
1115;version;git(\W|$)
1116;app_lib_service;markdown
1119;app_lib_service;matplotlib
1124;feature;install
1125;language;sql
1129;platform,app_lib_service;ios,pycharm
1132;feature;editor,clipboard
1133;version,feature;git(\W|$),auto ?complet(e|ion)
1134;language,app_lib_service;jdk,idea,netbeans
1135;app_lib_service;emacs
1138;app_lib_service;vim
1143;app_lib_service;vim
1145;feature,language,app_lib_service;visuali(s|z)ation,R(\W|$),spark,visualization,tableau
1150;app_lib_service;pycharm
1151;feature;hidden cells,warning,comment
1159;language;js
1161;language,feature;js,api(\W|$),sql
1165;version;git(\W|$)
1166;app_lib_service;webgl
1177;app_lib_service;pyside
1178;app_lib_service,feature;stack overflow,ides?(\W|$),github
1179;language;latex
1182;app_lib_service;rodeo
1183;feature;debug,keyboard,interactiv(e|ity)
1184;feature;command\W?line
1186;version;git(\W|$)
1189;platform,app_lib_service;openbsd,xcode
1192;language;i?julia,julia
1195;language;i?julia,julia
1204;;
1212;feature;table of content,management
1216;app_lib_service;github
1226;app_lib_service;opencv
1230;feature,version,app_lib_service;variable,git(\W|$),test,spyder
1233;app_lib_service;vim
1234;platform,app_lib_service;deploy,spark
1239;feature,version,app_lib_service;mercurial,pandoc,interactiv(e|ity)
1243;app_lib_service;matplotlib,numpy
1247;app_lib_service,feature;terminal,sublime,rstudio,spyder
1249;feature;visualization,visuali(s|z)ation
1250;app_lib_service;django,pycharm
1253;app_lib_service;vim,pycharm
1254;app_lib_service;pandas,bokeh
1255;platform,app_lib_service;gmail,google
1258;feature;memory,state
1262;app_lib_service;pycharm
1264;version,platform,app_lib_service;git(\W|$),webgl,docker
1266;app_lib_service;atom,pycharm
1267;language,app_lib_service;hive,pandas,sql
1268;app_lib_service;stata
1270;app_lib_service;spark
1272;app_lib_service;pycharm
1273;language,app_lib_service;d3,js
1274;app_lib_service;pandas
1275;language;python(3|2)?,R(\W|$),i?julia,julia
1281;version;git(\W|$)
1283;version,language;git(\W|$),rust
1285;feature,language,app_lib_service;bash,sparql,sql,image
1287;version,app_lib_service;git(\W|$),(ana)?conda
1291;feature,platform,app_lib_service;slides,slide,google,github
1296;language,app_lib_service;ipython,R(\W|$),bash
1297;app_lib_service;excel
1299;version,feature;version(ing)?\Wcontrol,console
1301;feature;ides?(\W|$)
1306;feature,app_lib_service;vim,debug
1307;app_lib_service;vispy,pycharm
1308;feature;repl
1310;app_lib_service,language,feature;pycharm,java,blog
1314;version;git(\W|$)
1317;feature;plot(ting),interactiv(e|ity)
1318;app_lib_service;spark
1323;feature;graphs
1324;version;git(\W|$)
1325;app_lib_service,language,feature;python(3|2)?,debug,grid,rodeo,spyder
1332;feature,language,app_lib_service;d3,python(3|2)?,debug,visualization,visuali(s|z)ation
1333;version,app_lib_service;emacs,git(\W|$),pandoc
1334;version,feature;version(ing)?\Wcontrol,lint,visualization,visuali(s|z)ation
1335;language;i?julia
1337;feature;without code,schedul
1339;feature;test
1342;version;version(ing)?\Wcontrol,git(\W|$)
1346;feature;debug
1349;feature,app_lib_service;spark,dashboard
1354;language,app_lib_service;python(3|2)?,pandas
1355;feature,app_lib_service;matplotlib,interactiv(e|ity)
1356;feature;styles,large data,share,skins
1359;app_lib_service;rise(\W|$),github
1363;version,app_lib_service;d3,npm,git(\W|$)
1366;app_lib_service;emacs
1368;version,app_lib_service;git(\W|$),idea
1369;app_lib_service;atom
1371;version;git(\W|$)
1372;feature,app_lib_service;scikit,interactiv(e|ity)
1373;;
1375;app_lib_service;bokeh,pycharm
1377;language;bash,sql
1378;feature,app_lib_service;debug,(ana)?conda
1380;platform,app_lib_service;sublime,docker
1381;feature,app_lib_service;customiz,them(e|ing),profil(e|ing),mobile,github
1384;version,language,feature;js,git(\W|$),spreadsheet
1386;version,platform,feature;version(ing)?\Wcontrol,deploy,git(\W|$),web app
1388;feature;presentation,interactiv(e|ity)
1389;language,app_lib_service;R(\W|$),bokeh
1390;version,language,app_lib_service;version(ing)?\Wcontrol,sumatra,python(3|2)?
1392;app_lib_service;hfg
1393;version;git(\W|$)
1394;version,feature;version(ing)?\Wcontrol,auto ?complet(e|ion),ides?(\W|$),git(\W|$),editor
1395;app_lib_service;hadoop
1396;feature;plot(ting),management,interactiv(e|ity)
1397;app_lib_service;vim
1399;version;git(\W|$)
1400;version,app_lib_service;hive,impala,git(\W|$),spark
1405;feature,app_lib_service;graphs,spark
1408;platform,feature;cloud,saas,docker,database
1410;language,app_lib_service;js,three.js,webgl
1413;language;R(\W|$)
1414;version;git(\W|$)
1415;feature,language,app_lib_service;html,visuali(s|z)ation,java,visualization
1416;app_lib_service,version,language,feature;d3,git(\W|$),sql,editor
1417;language;R(\W|$)
1419;app_lib_service;xplot
1420;feature,app_lib_service;stash,install,(ana)?conda
1423;feature;debug
1425;version,app_lib_service;emacs,git(\W|$)
1427;language,app_lib_service;mysql,python(3|2)?,sql
1430;platform;aws
1434;version,app_lib_service;flake,git(\W|$)
1437;app_lib_service;hadoop,rstudio,(ana)?conda
1438;version;git(\W|$)
1439;app_lib_service;eclipse,intellij
1441;app_lib_service;sphinx,venv,virtualenv,(ana)?conda
1444;app_lib_service;scikit,pandas,matplotlib
1446;app_lib_service;pip
1447;language,feature;haskell,slide,fortran,slides,python(3|2)?,C(\W|$),languages
1448;language,feature;visuali(s|z)ation,R(\W|$),visualization,interactiv(e|ity)
1450;feature;debug
1451;feature,app_lib_service;converter,github
1452;feature,app_lib_service;spreadsheet,(ana)?conda
1453;version;git(\W|$)
1454;feature;widgets,dashboard
1455;version;hg,git(\W|$)
1456;version,feature;version(ing)?\Wcontrol,git(\W|$),widgets,video,lint
1458;feature,app_lib_service;plot(ting),matplotlib,interactiv(e|ity)
1459;feature,app_lib_service;visualization,visuali(s|z)ation,terminal,3d,yt
1460;;
1463;version,feature;git(\W|$),ides?(\W|$),terminal
1464;app_lib_service;plot(\.)?ly
1466;app_lib_service;sage
1469;app_lib_service,feature;index,flake,pep8
1470;app_lib_service;pandas,matplotlib
1472;version;git(\W|$)
1474;version,language;latex,git(\W|$)
1476;feature,language,app_lib_service;polyglot,beaker,languages
1477;language,feature;xml,spreadsheet,java
1478;feature,language,app_lib_service;d3,vim,emacs,ides?(\W|$),java,js,writing
1479;app_lib_service;d3
1480;language,app_lib_service;d3,js
1483;app_lib_service;vim,atom,emacs
1484;feature;shortcut,keyboard
1486;feature,version,app_lib_service;version(ing)?\Wcontrol,pip,git(\W|$),command\W?line,script
1487;app_lib_service;tern(\W|$),jedi,eslint
1490;app_lib_service;jupyter\W?hub
1494;app_lib_service;pip,virtualenv
1496;app_lib_service;pdb
1497;app_lib_service;nbconvert
1498;feature,app_lib_service;matplotlib,visuali(s|z)ation,gis
1503;version,feature;version(ing)?\Wcontrol,collab
1504;feature,version,app_lib_service;git(\W|$),test,github
1505;feature;debug
1507;language,app_lib_service;d3,js
1515;feature,language,app_lib_service;bibliography,latex,mayavi,visuali(s|z)ation,writing
1516;;
1517;feature,app_lib_service;vim,htop,emacs,terminal
1520;feature;profil(e|ing)
1521;version,app_lib_service;vim,git(\W|$)
1522;app_lib_service;(ana)?conda
1523;app_lib_service;selenium,django
1524;app_lib_service,feature;d3,script,native
1525;app_lib_service;vim,pdb
1527;feature,language,app_lib_service;d3,nose,nosebook,interactiv(e|ity),emacs,plot(ting),js
1529;version,feature;env(ironment)? vars,git(\W|$)
1532;feature,version,app_lib_service;version(ing)?\Wcontrol,gui,git(\W|$),ides?(\W|$),editor
1534;app_lib_service;matlab,spyder,pycharm
1538;feature,language,app_lib_service;nbgrader,latex,citation,plot(ting),interactiv(e|ity)
1541;version,app_lib_service;git(\W|$),(ana)?conda
1542;feature;debug,interactiv(e|ity)
1551;feature;terminal
1552;language,app_lib_service;ffmpeg,R(\W|$)
1554;version,feature;git(\W|$),management
1556;app_lib_service;coursera,github
1557;platform,app_lib_service;tmpnb,docker,thebe
1558;feature,app_lib_service;ides?(\W|$),pycharm
1562;language,feature;them(e|ing),R(\W|$),memory
1563;app_lib_service;tex(\W|$)
1564;feature,app_lib_service;emacs,sublime,editor
1565;language;scala,R(\W|$)
1566;version,feature;version(ing)?\Wcontrol,plugin,database
1568;version,feature;collab,git(\W|$),diff/merge,history
1574;app_lib_service;github
1575;feature,version,app_lib_service;wordpress,git(\W|$),diffing,idea,terminal
1579;feature,app_lib_service;co-author,vispy,web app,interactiv(e|ity),plot(ting),3d
1582;language;R(\W|$)
1583;app_lib_service;zeppelin,pycharm
1587;feature;table of content,presentation
1588;app_lib_service;markdown
1589;version;git(\W|$)
1590;feature,app_lib_service;native,finder,github
1597;feature;3d
1598;app_lib_service;html,emacs,mp4
1600;feature,app_lib_service;vispy,widgets,dashboard,bokeh
1601;language,app_lib_service;d3,java,github
1602;app_lib_service;vim
1603;feature,app_lib_service;co-author,vispy,web app,interactiv(e|ity),plot(ting),3d
1604;language,feature;python(3|2)?,debug,object inspector,auto ?complet(e|ion)
1606;version;git(\W|$)
1607;app_lib_service,language,feature;documentation,latex,scipy,math
1608;language;R(\W|$)
1609;version,app_lib_service;git(\W|$),(ana)?conda
1616;;
1617;language;bash
1618;feature;widgets,interactiv(e|ity)
1620;app_lib_service;spark
1621;app_lib_service;d3,github
1622;version,app_lib_service;version(ing)?\Wcontrol,(ana)?conda
1623;feature;debug,spreadsheet,editor
1624;app_lib_service;rise(\W|$)
1626;feature;physics
1629;feature,version,app_lib_service;version(ing)?\Wcontrol,git(\W|$),visuali(s|z)ation,bokeh
1630;app_lib_service;cantor,dill
1635;feature;full screen,api(\W|$)
1637;feature;variable
1638;feature;shortcut,keyboard
1644;feature,language,app_lib_service;gui,python(3|2)?,debug,java
1645;feature,app_lib_service;debug,profil(e|ing),(ana)?conda
1647;language,feature;management,sql
1650;version;git(\W|$)
1654;version;git(\W|$)
1657;feature,app_lib_service;video,matplotlib,animation,reports
1661;feature;figures
1662;feature,language,platform,app_lib_service;gantt,timeline,chart(s|ing),html,js,google
1668;app_lib_service;vtk,matplotlib,mayavi
1669;language,app_lib_service;latex,bibtex
1672;version,app_lib_service;vim,emacs,git(\W|$)
1677;language;R(\W|$),sas
1681;language,app_lib_service;scala,spark
1683;version,feature;version(ing)?\Wcontrol,ides?(\W|$),writing
1690;feature;progress
1691;version,language;latex,git(\W|$)
1694;feature;them(e|ing),collaps(e|ing),interactiv(e|ity)
1695;version,app_lib_service;git(\W|$),pandas
1697;language,app_lib_service;matplotlib,java
1700;feature;them(e|ing),shortcut,keyboard,visualization,interactiv(e|ity),customiz,visuali(s|z)ation
1701;language,app_lib_service;awk,expect,github
1702;version,feature;version(ing)?\Wcontrol,database,editor,data source
1705;app_lib_service;intellij
